<ImportExportXml xmlns:xsi="http://www.w3.org/2001/XMLSchema-instance">
  <Entities></Entities>
  <Roles></Roles>
  <Workflows>
    <Workflow WorkflowId="{e007a9b5-e6d2-42b4-b2ad-da8ada1b8194}" Name="Lead: Set Geo Location By Address">
      <XamlFileName>/Workflows/LeadSetGeoLocationByAddress-E007A9B5-E6D2-42B4-B2AD-DA8ADA1B8194.xaml</XamlFileName>
      <Type>1</Type>
      <Subprocess>0</Subprocess>
      <Category>0</Category>
      <Mode>1</Mode>
      <Scope>4</Scope>
      <OnDemand>1</OnDemand>
      <TriggerOnCreate>0</TriggerOnCreate>
      <TriggerOnDelete>0</TriggerOnDelete>
      <AsyncAutodelete>0</AsyncAutodelete>
      <SyncWorkflowLogOnFailure>1</SyncWorkflowLogOnFailure>
      <StateCode>1</StateCode>
      <StatusCode>2</StatusCode>
      <CreateStage>40</CreateStage>
      <RunAs>1</RunAs>
      <IsTransacted>1</IsTransacted>
      <IntroducedVersion>0.9.0.0</IntroducedVersion>
      <IsCustomizable>1</IsCustomizable>
      <PrimaryEntity>Lead</PrimaryEntity>
    </Workflow>
  </Workflows>
  <FieldSecurityProfiles></FieldSecurityProfiles>
  <Templates />
  <EntityMaps />
  <EntityRelationships />
  <OrganizationSettings />
  <optionsets />
  <SolutionPluginAssemblies>
    <PluginAssembly FullName="OneStopXRM.WorkflowTools, Version=1.0.0.0, Culture=neutral, PublicKeyToken=f4bb33d5da594205" CustomizationLevel="1">
      <IsolationMode>1</IsolationMode>
      <SourceType>0</SourceType>
      <IntroducedVersion>1.0</IntroducedVersion>
      <FileName>/PluginAssemblies/OneStopXRMWorkflowTools-3397134A-76AA-4E5F-B5B8-E4F3D68F6949/OneStopXRMWorkflowTools.dll</FileName>
      <PluginTypes>
        <PluginType AssemblyQualifiedName="OneStopXRM.WorkflowTools.ExecuteSQLSP, OneStopXRM.WorkflowTools, Version=1.0.0.0, Culture=neutral, PublicKeyToken=f4bb33d5da594205" Name="OneStopXRM.WorkflowTools.ExecuteSQLSP">
          <FriendlyName>e7d68e5b-4087-4cb5-b318-bdcb01d83c8c</FriendlyName>
          <WorkflowActivityGroupName>OneStopXRM.WorkflowTools (1.0.0.0)</WorkflowActivityGroupName>
        </PluginType>
        <PluginType AssemblyQualifiedName="OneStopXRM.WorkflowTools.GetGeoLocationByAddress, OneStopXRM.WorkflowTools, Version=1.0.0.0, Culture=neutral, PublicKeyToken=f4bb33d5da594205" Name="OneStopXRM.WorkflowTools.GetGeoLocationByAddress">
          <FriendlyName>5f19abd8-c44f-43fa-af27-4da7a920a017</FriendlyName>
          <WorkflowActivityGroupName>OneStopXRM.WorkflowTools (1.0.0.0)</WorkflowActivityGroupName>
        </PluginType>
      </PluginTypes>
    </PluginAssembly>
  </SolutionPluginAssemblies>
  <Languages>
    <Language>1033</Language>
  </Languages>
</ImportExportXml>