<ImportExportXml xmlns:xsi="http://www.w3.org/2001/XMLSchema-instance">
  <Entities></Entities>
  <Roles></Roles>
  <Workflows></Workflows>
  <FieldSecurityProfiles></FieldSecurityProfiles>
  <Templates />
  <EntityMaps />
  <EntityRelationships />
  <OrganizationSettings />
  <optionsets />
  <SolutionPluginAssemblies>
    <PluginAssembly FullName="OneStopXRM.WorkflowTools, Version=1.0.0.0, Culture=neutral, PublicKeyToken=f4bb33d5da594205" CustomizationLevel="1">
      <IsolationMode>2</IsolationMode>
      <SourceType>0</SourceType>
      <IntroducedVersion>1.0</IntroducedVersion>
      <FileName>/PluginAssemblies/OneStopXRMWorkflowTools-3397134A-76AA-4E5F-B5B8-E4F3D68F6949/OneStopXRMWorkflowTools.dll</FileName>
      <PluginTypes>
        <PluginType AssemblyQualifiedName="OneStopXRM.WorkflowTools.ExecuteSQLSP, OneStopXRM.WorkflowTools, Version=1.0.0.0, Culture=neutral, PublicKeyToken=f4bb33d5da594205" Name="OneStopXRM.WorkflowTools.ExecuteSQLSP">
          <FriendlyName>e7d68e5b-4087-4cb5-b318-bdcb01d83c8c</FriendlyName>
          <WorkflowActivityGroupName>OneStopXRM.WorkflowTools (1.0.0.0)</WorkflowActivityGroupName>
        </PluginType>
      </PluginTypes>
    </PluginAssembly>
  </SolutionPluginAssemblies>
  <Languages>
    <Language>1033</Language>
  </Languages>
</ImportExportXml>